Titles,Class,SubClass,Language
a.a.,Medical,,
a.a.b.b.,Medical,,
a.a.c.f.a.s.,Medical,,
a.a.c.n.,Medical,,
a.a.d.,Medical,,
a.a.d.g.p.,Medical,,
a.a.f.p.,Medical,,
a.a.i.n.,Medical,,
a.a.m.c.,Medical,,
a.a.n.,Medical,,
a.a.n.s.,Medical,,
a.a.o.,Medical,,
a.a.o.s.,Medical,,
a.a.p.,Medical,,
a.b.e.m.,Medical,,
a.b.m.s.,Medical,,
a.c.c.p.,Medical,,
a.c.e.p.,Medical,,
a.c.g.m.e.,Medical,,
a.c.m.p.h.,Medical,,
a.c.n.p.b.c.,Medical,,
a.c.n.p.c.,Medical,,
a.c.o.g.,Medical,,
a.c.p.,Medical,,
a.c.r.,Medical,,
a.c.s.,Medical,,
a.d.a.,Medical,,
a.g.d.,Medical,,
a.g.p.c.n.p.,Medical,,
a.h.a.,Medical,,
a.i.e.o.p.,Medical,,
a.m.a.,Medical,,
a.m.s.a.,Medical,,
a.n.a.,Medical,,
a.n.d.,Medical,,
a.n.f.,Medical,,
a.n.n.a.,Medical,,
a.n.p.,Medical,,
a.o.a.,Medical,,
a.o.b.e.m.,Medical,,
a.o.r.n.,Medical,,
a.p.a.,Medical,,
a.p.g.a.r.,Medical,,
a.p.n.,Medical,,
a.p.r.n.,Medical,,
a.p.r.n.c.,Medical,,
a.r.a.,Medical,,
a.r.n.p.,Medical,,
a.r.r.t.,Medical,,
a.s.c.e.p.t.,Medical,,
a.s.c.p.,Medical,,
a.s.h.a.,Medical,,
a.s.m.i.,Medical,,
a.s.m.s.o.,Medical,,
a.s.p.s.,Medical,,
a.s.r.t.,Medical,,
a.s.s.h.,Medical,,
a.s.t.r.o.,Medical,,
a.t.c.,Medical,,
a.u.d.,Medical,,
a.w.h.o.n.n.,Medical,,
 aa ,Medical,,
 aabb ,Medical,,
 aacfas ,Medical,,
 aacn ,Medical,,
 aad ,Medical,,
 aadgp ,Medical,,
 aafp ,Medical,,
 aain ,Medical,,
 aamc ,Medical,,
 aan ,Medical,,
 aans ,Medical,,
 aao ,Medical,,
 aaos ,Medical,,
 aap ,Medical,,
 abem ,Medical,,
 abms ,Medical,,
 accp ,Medical,,
 acep ,Medical,,
 acgme ,Medical,,
 acmph ,Medical,,
acnpb-c,Medical,,
acnp-bc,Medical,,
acn-pbc,Medical,,
ac-npbc,Medical,,
a-cnpbc,Medical,,
a-c-n-p-b-c,Medical,,
 acnpc ,Medical,,
 acog ,Medical,,
 acp ,Medical,,
 acr ,Medical,,
 acs ,Medical,,
 ada ,Medical,,
 aesthetician ,Medical,,
 agd ,Medical,,
 agpcnp ,Medical,,
 aha ,Medical,,
 aieop ,Medical,,
 ama ,Medical,,
 amsa ,Medical,,
 ana ,Medical,,
 anf ,Medical,,
 anna ,Medical,,
 anp ,Medical,,
 aoa ,Medical,,
 aobem ,Medical,,
 aorn ,Medical,,
 apa ,Medical,,
 apgar ,Medical,,
 apn ,Medical,,
 aprn ,Medical,,
aprn - advanced practice registered nurse,Medical,,
aprn-c,Medical,,
apr-nc,Medical,,
ap-rnc,Medical,,
a-prnc,Medical,,
a-p-r-n-c,Medical,,
 ara ,Medical,,
 arnp ,Medical,,
 arrt ,Medical,,
 ascept ,Medical,,
 ascp ,Medical,,
 asha ,Medical,,
 asmi ,Medical,,
 asmso ,Medical,,
 asps ,Medical,,
 asrt ,Medical,,
 assh ,Medical,,
assistant dean,Medical,,
associate dean,Medical,,
 astro ,Medical,,
 atc ,Medical,,
"athletic trainer, certified",Medical,,
atrial natriuretic peptide,Medical,,
 aud ,Medical,,
aud - doctor of audiology,Medical,,
 awhonn ,Medical,,
b.a.,Medical,,
b.a.a.p.s.,Medical,,
b.d.s.,Medical,,
b.m.a.,Medical,,
b.n.f.,Medical,,
b.s.,Medical,,
 ba ,Medical,,
 baaps ,Medical,,
 bds ,Medical,,
 bma ,Medical,,
 bnf ,Medical,,
 bs ,Medical,,
c t,Medical,,
c.a.c.,Medical,,
c.a.d.,Medical,,
c.a.e.p.,Medical,,
c.a.g.,Medical,,
c.a.m.t.,Medical,,
c.a.m.t.s.,Medical,,
c.a.o.,Medical,,
c.a.o.t.,Medical,,
c.a.p.,Medical,,
c.a.r.,Medical,,
c.a.s.a.c.,Medical,,
c.a.s.l.p.a.,Medical,,
c.a.s.l.p.o.,Medical,,
c.c.g.,Medical,,
c.c.o.h.s.,Medical,,
c.c.r.n.,Medical,,
c.c.s.,Medical,,
c.c.s.p.,Medical,,
c.d.,Medical,,
c.d.a.a.c.,Medical,,
c.d.c.,Medical,,
c.d.e.,Medical,,
c.d.n.,Medical,,
c.e.s.,Medical,,
c.e.s.m.a.,Medical,,
c.f.w.i.,Medical,,
c.h.t.,Medical,,
c.m.,Medical,,
c.m.a.,Medical,,
c.m.s.,Medical,,
c.n.a.,Medical,,
c.n.m.,Medical,,
c.n.p.,Medical,,
c.n.s.,Medical,,
c.n.s.c.,Medical,,
c.o.g.,Medical,,
c.o.m.t.,Medical,,
c.o.t.a.(.a.).,Medical,,
c.p.e.,Medical,,
c.p.h.t.,Medical,,
c.p.m.,Medical,,
c.p.m.e.,Medical,,
c.p.n.p.,Medical,,
c.p.t.,Medical,,
c.r.d.,Medical,,
c.r.n.,Medical,,
c.r.n.a.,Medical,,
c.r.n.p.,Medical,,
c.r.t.,Medical,,
c.r.t.t.,Medical,,
c.s.a.,Medical,,
c.s.c.s.,Medical,,
c.s.s.d.,Medical,,
c.s.t.,Medical,,
c.s.w.,Medical,,
c.t.,Medical,,
c.t.r.s.,Medical,,
c.w.s.,Medical,,
 cac ,Medical,,
 cad ,Medical,,
 caep ,Medical,,
 cag ,Medical,,
 camt ,Medical,,
 camts ,Medical,,
 cao ,Medical,,
 caot ,Medical,,
 cap ,Medical,,
 car ,Medical,,
 casac ,Medical,,
 caslpa ,Medical,,
 caslpo ,Medical,,
 ccc ,Medical,,
 ccg ,Medical,,
 ccohs ,Medical,,
 ccrn ,Medical,,
 ccs ,Medical,,
 ccsp ,Medical,,
 cd ,Medical,,
 cdaac ,Medical,,
 cdc ,Medical,,
 cde ,Medical,,
 cdn ,Medical,,
 ceas ,Medical,,
certified dialysis nurse,Medical,,
certified medical assistant,Medical,,
certified nursing assistant,Medical,,
 ces ,Medical,,
 cesma ,Medical,,
 cfwi ,Medical,,
 chiropractor ,Medical,,
 cht ,Medical,,
 cic ,Medical,,
 cktp ,Medical,,
clinic manager,Medical,,
clinical assistant professor,Medical,,
clinical data management,Medical,,
clinical development,Medical,,
clinical specialist,Medical,,
clinical supervisor,Medical,,
clt-lana,Medical,,
 cm ,Medical,,
 cma ,Medical,,
 cmo ,Medical,,
 cms ,Medical,,
 cna ,Medical,,
 cnm ,Medical,,
 cnp ,Medical,,
 cns ,Medical,,
 cnsc ,Medical,,
 cog ,Medical,,
 comt ,Medical,,
 cota(a) ,Medical,,
 cpe ,Medical,,
 cpht ,Medical,,
 cpm ,Medical,,
 cpme ,Medical,,
 cpnp ,Medical,,
 cpt ,Medical,,
cpt-efs,Medical,,
 crd ,Medical,,
 crn ,Medical,,
 crna ,Medical,,
 crnp ,Medical,,
 crt ,Medical,,
 crtt ,Medical,,
 csa ,Medical,,
csa medical,Medical,,
 cscs ,Medical,,
 cssd ,Medical,,
 cst ,Medical,,
 csw ,Medical,,
 ctrs ,Medical,,
 cws ,Medical,,
d o,Medical,,
d.a.b.f.m.,Medical,,
d.a.c.,Medical,,
d.a.c.b.s.p.,Medical,,
d.a.c.m.,Medical,,
d.c.,Medical,,
d.d.,Medical,,
d.d.s,Medical,,
d.d.s.,Medical,,
d.e.d.,Medical,,
d.i.,Medical,,
d.i.p.l.a.c.,Medical,,
d.m.d,Medical,,
d.m.d.,Medical,,
d.m.s.c.,Medical,,
d.n.b.,Medical,,
d.n.p.,Medical,,
d.o.,Medical,,
d.o.h.,Medical,,
d.o.m.,Medical,,
d.p.a.,Medical,,
d.p.h.,Medical,,
d.p.h.i.l.,Medical,,
d.p.m,Medical,,
d.p.m.,Medical,,
d.p.t.,Medical,,
d.s.c.,Medical,,
d.s.c.p.t.,Medical,,
d.s.n.,Medical,,
d.v.m.,Medical,,
 dabfm ,Medical,,
 dac ,Medical,,
 dacbsp ,Medical,,
 dacm ,Medical,,
 dc ,Medical,,
 dd ,Medical,,
 dds ,Medical,,
 dean ,Medical,,
 ded ,Medical,,
dental assistant,Medical,,
dental hygienist,Medical,,
 dentist ,Medical,,
 di ,Medical,,
 diplac ,Medical,,
director of ancillary,Medical,,
director of cardiovascular,Medical,,
director of cardiovascular service line,Medical,,
director of care management,Medical,,
director of clinical,Medical,,
director of clinical research,Medical,,
director of medical,Medical,,
director of respiratory,Medical,,
director of rheumatology,Medical,,
 dmd ,Medical,,
 dmsc ,Medical,,
 dnb ,Medical,,
 dnp ,Medical,,
 do ,Medical,,
doctor of chiropractic,Medical,,
doctor of osteopathic medicine,Medical,,
 doh ,Medical,,
 dom ,Medical,,
 dpa ,Medical,,
 dph ,Medical,,
 dphil ,Medical,,
 dpm ,Medical,,
 dpt ,Medical,,
 dsc ,Medical,,
 dscpt ,Medical,,
 dsn ,Medical,,
 dvm ,Medical,,
e.d.d.,Medical,,
e.m.a.,Medical,,
e.m.s.,Medical,,
e.m.t.,Medical,,
e.m.t.b.,Medical,,
e.m.t.i.,Medical,,
e.m.t.p.,Medical,,
e.n.,Medical,,
e.n.t.,Medical,,
e.o.r.t.c.,Medical,,
e.p.s.s.g.,Medical,,
e.s.r.d.,Medical,,
 edd ,Medical,,
 ema ,Medical,,
 ems ,Medical,,
 emt ,Medical,,
emt-b,Medical,,
em-tb,Medical,,
e-mtb,Medical,,
e-m-t-b,Medical,,
emt-i,Medical,,
em-ti,Medical,,
e-mti,Medical,,
e-m-t-i,Medical,,
emt-p,Medical,,
em-tp,Medical,,
e-mtp,Medical,,
e-m-t-p,Medical,,
 en ,Medical,,
 endoscopist ,Medical,,
 ent ,Medical,,
 eortc ,Medical,,
 epssg ,Medical,,
 esrd ,Medical,,
f.a.a.a.a.i.,Medical,,
f.a.a.c.,Medical,,
f.a.a.d,Medical,,
f.a.a.d.,Medical,,
f.a.a.e.m,Medical,,
f.a.a.e.m.,Medical,,
f.a.a.e.p.,Medical,,
f.a.a.f.p,Medical,,
f.a.a.f.p.,Medical,,
f.a.a.i.p.,Medical,,
f.a.a.n.s.,Medical,,
f.a.a.o.,Medical,,
f.a.a.o.s.,Medical,,
f.a.a.p.,Medical,,
f.a.c.a.a.i.,Medical,,
f.a.c.c,Medical,,
f.a.c.c.,Medical,,
f.a.c.c.p,Medical,,
f.a.c.c.p.,Medical,,
f.a.c.e,Medical,,
f.a.c.e.,Medical,,
f.a.c.e.p,Medical,,
f.a.c.e.p.,Medical,,
f.a.c.f.a.o.m.,Medical,,
f.a.c.f.a.s.,Medical,,
f.a.c.g,Medical,,
f.a.c.g.,Medical,,
f.a.c.o.g,Medical,,
f.a.c.o.g.,Medical,,
f.a.c.o.s,Medical,,
f.a.c.o.s.,Medical,,
f.a.c.p.,Medical,,
f.a.c.r.,Medical,,
f.a.c.r.o.,Medical,,
f.a.c.s.,Medical,,
f.a.g.d.,Medical,,
f.a.h.a.,Medical,,
f.a.o.a.o.,Medical,,
f.a.o.c.d.,Medical,,
f.a.s.g.e.,Medical,,
f.a.s.n.,Medical,,
f.a.s.p.s,Medical,,
f.a.s.p.s.,Medical,,
f.c.c.p.,Medical,,
f.d.a.,Medical,,
f.d.m.,Medical,,
f.f.p.h.m.,Medical,,
f.f.r.,Medical,,
f.h.m.,Medical,,
f.h.o.,Medical,,
f.i.a.m.a.,Medical,,
f.i.c.o.i.,Medical,,
f.i.c.s,Medical,,
f.i.c.s.,Medical,,
f.i.g.o.,Medical,,
f.i.p.p.,Medical,,
f.n.p.,Medical,,
f.r.c.o.g.,Medical,,
f.r.c.p.,Medical,,
f.r.c.p.s.c.,Medical,,
f.r.c.s.,Medical,,
f.r.c.s.c.,Medical,,
f.s.c.a.i,Medical,,
f.s.c.a.i.,Medical,,
f.s.s.o.,Medical,,
f.s.t.s.,Medical,,
f.v.r.s.,Medical,,
 faaaai ,Medical,,
 faac ,Medical,,
 faad ,Medical,,
 faaem ,Medical,,
 faaep ,Medical,,
 faafp ,Medical,,
 faaip ,Medical,,
 faans ,Medical,,
 faao ,Medical,,
 faaos ,Medical,,
 faap ,Medical,,
 facaai ,Medical,,
 facc ,Medical,,
 faccp ,Medical,,
 facep ,Medical,,
 facfaom ,Medical,,
 facfas ,Medical,,
 facg ,Medical,,
 facog ,Medical,,
 facos ,Medical,,
 facp ,Medical,,
 facr ,Medical,,
 facro ,Medical,,
 facs ,Medical,,
 fagd ,Medical,,
 faha ,Medical,,
 faoao ,Medical,,
 faocd ,Medical,,
 fasge ,Medical,,
 fasn ,Medical,,
 fasps ,Medical,,
 fccp ,Medical,,
 fda ,Medical,,
 fdm ,Medical,,
 ffphm ,Medical,,
 ffr ,Medical,,
 fhm ,Medical,,
 fho ,Medical,,
 fiama ,Medical,,
 ficoi ,Medical,,
 fics ,Medical,,
 figo ,Medical,,
 fipp ,Medical,,
 fnp ,Medical,,
fnp-c,Medical,,
 frcog ,Medical,,
 frcp ,Medical,,
 frcpsc ,Medical,,
 frcs ,Medical,,
 frcsc ,Medical,,
front desk and patient services,Medical,,
 fscai ,Medical,,
 fsso ,Medical,,
 fsts ,Medical,,
 fvrs ,Medical,,
g.d.c.,Medical,,
g.m.c.,Medical,,
g.m.s.,Medical,,
g.p.,Medical,,
g.p.h.c.,Medical,,
g.y.n.,Medical,,
 gdc ,Medical,,
 gmc ,Medical,,
 gms ,Medical,,
 gp ,Medical,,
 gphc ,Medical,,
 gyn ,Medical,,
h.c.,Medical,,
h.e.m.s.,Medical,,
h.p.c.s.a.,Medical,,
h.s.e.,Medical,,
 hc ,Medical,,
head of cardiovascular,Medical,,
head of cardiovascular service line,Medical,,
head of care management,Medical,,
head of clinical,Medical,,
head of clinical research,Medical,,
 hems ,Medical,,
 histotechnologist ,Medical,,
 hpcsa ,Medical,,
 hse ,Medical,,
i.a.m.m.s.,Medical,,
i.a.s.p.,Medical,,
i.b.c.l.c.,Medical,,
i.c.c.s.p.,Medical,,
i.c.g.,Medical,,
i.c.s.s.d.,Medical,,
i.f.m.s.a.,Medical,,
i.m.d.,Medical,,
i.m.f.,Medical,,
i.m.g.,Medical,,
i.m.o.,Medical,,
i.n.h.s.,Medical,,
i.s.m.p.,Medical,,
 iamms ,Medical,,
 iasp ,Medical,,
 ibclc ,Medical,,
 iccsp ,Medical,,
 icg ,Medical,,
 icssd ,Medical,,
 ifmsa ,Medical,,
 imd ,Medical,,
 imf ,Medical,,
 img ,Medical,,
 imo ,Medical,,
 inhs ,Medical,,
 ismp ,Medical,,
j.a.m.a.,Medical,,
j.a.o.a.,Medical,,
j.c.,Medical,,
j.d.,Medical,,
j.d. candidate,Medical,,
j.s.c.c.,Medical,,
 jama ,Medical,,
 jaoa ,Medical,,
 jc ,Medical,,
 jd ,Medical,,
jd candidate,Medical,,
 jscc ,Medical,,
l.a.,Medical,,
l.a.c.,Medical,,
l.a.s.i.k.,Medical,,
l.c.a.t.,Medical,,
l.c.p.c.,Medical,,
l.c.s.w.,Medical,,
l.d.n.,Medical,,
l.g.c.,Medical,,
l.m.f.t.,Medical,,
l.m.h.c.,Medical,,
l.m.p.,Medical,,
l.m.s.s.a.,Medical,,
l.m.s.w.,Medical,,
l.m.t.,Medical,,
l.p.,Medical,,
l.p.c.,Medical,,
l.p.c.c.,Medical,,
l.p.n.,Medical,,
l.s.a.,Medical,,
l.s.w.,Medical,,
l.v.n.,Medical,,
 la ,Medical,,
lab technician,Medical,,
 lac ,Medical,,
 lasik ,Medical,,
 lcat ,Medical,,
 lcpc ,Medical,,
 lcsw ,Medical,,
 ldn ,Medical,,
 lgc ,Medical,,
licensed massage therapist,Medical,,
 lmft ,Medical,,
 lmhc ,Medical,,
 lmp ,Medical,,
 lmssa ,Medical,,
 lmsw ,Medical,,
 lmt ,Medical,,
 lp ,Medical,,
 lpc ,Medical,,
 lpcc ,Medical,,
 lpn ,Medical,,
 lsa ,Medical,,
 lsw ,Medical,,
 lvn ,Medical,,
m a,Medical,,
m d,Medical,,
m.a.,Medical,,
m.a.g.d.,Medical,,
m.a.s.h.,Medical,,
m.b.a,Medical,,
m.b.a.,Medical,,
m.b.b.s.,Medical,,
m.d.,Medical,,
m.e.d.p.a.c.,Medical,,
m.l.a.,Medical,,
m.l.t.,Medical,,
m.m.m.,Medical,,
m.m.p.,Medical,,
m.n.a.m.s.,Medical,,
m.p.,Medical,,
m.p.a.,Medical,,
m.p.h,Medical,,
m.p.h.,Medical,,
m.p.t.,Medical,,
m.r.c.o.g.,Medical,,
m.r.c.p.,Medical,,
m.r.c.p.i.,Medical,,
m.r.c.s.,Medical,,
m.r.t.,Medical,,
m.s.,Medical,,
m.s.a.c.,Medical,,
m.s.c.,Medical,,
m.s.d.,Medical,,
m.s.n.,Medical,,
m.s.o.m.,Medical,,
m.s.o.s.,Medical,,
m.s.p.t.,Medical,,
m.s.t.o.m.,Medical,,
m.s.w.,Medical,,
m.t.,Medical,,
 ma ,Medical,,
 magd ,Medical,,
 mash ,Medical,,
 mba ,Generic,,
 mbbs ,Medical,,
 md ,Medical,,
 med ,Medical,,
medical assistant,Medical,,
medical triage,Medical,,
 medpac ,Medical,,
 MD ,Medical,,
 M.D. ,Medical,,
 mla ,Medical,,
 mlt ,Medical,,
 mmm ,Medical,,
 mmp ,Medical,,
 mnams ,Medical,,
 mp ,Medical,,
 mpa ,Medical,,
 mph ,Medical,,
 mpt ,Medical,,
 mrcog ,Medical,,
 mrcp ,Medical,,
 mrcpi ,Medical,,
 mrcs ,Medical,,
 mrt ,Medical,,
 ms ,Medical,,
 msac ,Medical,,
 msc ,Medical,,
 msd ,Medical,,
 msn ,Medical,,
 msom ,Medical,,
 msos ,Medical,,
 mspt ,Medical,,
 mstom ,Medical,,
 msw ,Medical,,
 mt ,Medical,,
n.a.a.c.l.s.,Medical,,
n.a.p.c.r.g.,Medical,,
n.c.a.,Medical,,
n.c.i.,Medical,,
n.c.t.m.b.,Medical,,
n.d.,Medical,,
n.e.j.m.,Medical,,
n.h.c.,Medical,,
n.h.s.,Medical,,
n.i.c.e.,Medical,,
n.k.c.,Medical,,
n.k.f.,Medical,,
n.p.,Medical,,
n.p.c.,Medical,,
n.p.s.,Medical,,
n.p.s.a.,Medical,,
n.r.a.e.m.t.,Medical,,
n.r.e.m.r.,Medical,,
n.r.e.m.t.,Medical,,
n.r.p.,Medical,,
n.t.p.,Medical,,
n.y.h.a.,Medical,,
 naacls ,Medical,,
 napcrg ,Medical,,
 nca ,Medical,,
 nci ,Medical,,
 nctmb ,Medical,,
 nd ,Medical,,
 nejm ,Medical,,
 nhc ,Medical,,
 nhs ,Medical,,
 nice ,Medical,,
 nkc ,Medical,,
 nkf ,Medical,,
 np ,Medical,,
np-c,Medical,,
n-pc,Medical,,
n-p-c,Medical,,
 nps ,Medical,,
 npsa ,Medical,,
 nraemt ,Medical,,
 nremr ,Medical,,
 nremt ,Medical,,
 nrp ,Medical,,
 ntp ,Medical,,
 nurse ,Medical,,
 nyha ,Medical,,
o.b.,Medical,,
o.c.s.,Medical,,
o.d.,Medical,,
o.n.g.,Medical,,
o.t.,Medical,,
o.t.a.,Medical,,
o.t.r.,Medical,,
 ob ,Medical,,
 ocs ,Medical,,
 od ,Medical,,
 ong ,Medical,,
 ophthalmologist ,Medical,,
 optometrist ,Medical,,
 orthodontist ,Medical,,
 ot ,Medical,,
 ota ,Medical,,
 otr ,Medical,,
otr l,Medical,,
p.a.,Medical,,
p.a.c.,Medical,,
p.c.t.,Medical,,
p.e.s.,Medical,,
p.g.n.z.,Medical,,
p.h.a.r.m.,Medical,,
p.h.a.r.m.d.,Medical,,
p.h.d.,Medical,,
p.m.h.,Medical,,
p.m.h.n.p.b.c.,Medical,,
p.m.s.,Medical,,
p.o.g.,Medical,,
p.r.h.o.,Medical,,
p.r.k.,Medical,,
p.s.n.z.,Medical,,
p.s.y.c.h.,Medical,,
p.s.y.d.,Medical,,
p.t.,Medical,,
p.t.a.,Medical,,
 pa ,Medical,,
 pac ,Medical,,
 pa-c ,Medical,,
p-ac,Medical,,
p-a-c,Medical,,
 pct ,Medical,,
 periodontist ,Medical,,
 pes ,Medical,,
 pgnz ,Medical,,
ph.d.,Medical,,
 pharm ,Medical,,
pharm.d,Medical,,
 pharmd ,Medical,,
 phd ,Medical,,
physical therapist,Medical,,
physical therapist assistant,Medical,,
 physician ,Medical,,
 physicist ,Medical,,
 pmh ,Medical,,
pmhnpb-c,Medical,,
pmhnp-bc,Medical,,
pmhn-pbc,Medical,,
pmh-npbc,Medical,,
pm-hnpbc,Medical,,
p-mhnpbc,Medical,,
p-m-h-n-p-b-c,Medical,,
 pms ,Medical,,
 podiatrist ,Medical,,
 pog ,Medical,,
 prho ,Medical,,
 prk ,Medical,,
 prosthodontist ,Medical,,
 psnz ,Medical,,
psy.d,Medical,,
 psych ,Medical,,
 psychopharmacolgist ,Medical,,
 psychotherapist ,Medical,,
 psyd ,Medical,,
 pt ,Medical,,
 pta ,Medical,,
r.a.,Medical,,
r.a.c.p.,Medical,,
r.a.c.s.,Medical,,
r.c.g.p.,Medical,,
r.c.i.s.,Medical,,
r.c.m.,Medical,,
r.c.n.,Medical,,
r.c.o.g.,Medical,,
r.c.p.,Medical,,
r.c.p.a.,Medical,,
r.c.s.,Medical,,
r.c.s.i.,Medical,,
r.d.,Medical,,
r.d.n.,Medical,,
r.m.a.,Medical,,
r.n.,Medical,,
r.n.c.l.e.,Medical,,
r.p.h.t.,Medical,,
r.p.n.,Medical,,
r.p.s.,Medical,,
r.p.v.i.,Medical,,
r.ph,Medical,,
r.r.t.,Medical,,
r.s.n.,Medical,,
r.t.,Medical,,
r.v.t.,Medical,,
 ra ,Medical,,
 racp ,Medical,,
 racs ,Medical,,
 rcgp ,Medical,,
 rcis ,Medical,,
 rcm ,Medical,,
 rcn ,Medical,,
 rcog ,Medical,,
 rcp ,Medical,,
 rcpa ,Medical,,
 rcs ,Medical,,
 rcsi ,Medical,,
 rd ,Medical,,
 rdn ,Medical,,
 rma ,Medical,,
 rn ,Medical,,
rncl-e,Medical,,
rnc-le,Medical,,
rn-cle,Medical,,
r-ncle,Medical,,
r-n-c-l-e,Medical,,
 rpa ,Medical,,
 rph ,Medical,,
 rpht ,Medical,,
 rpn ,Medical,,
 rps ,Medical,,
 rpt ,Medical,,
 rpvi ,Medical,,
 rrt ,Medical,,
 rsn ,Medical,,
 rt ,Medical,,
 rvt ,Medical,,
s.c.d.,Medical,,
s.c.o.a.p.,Medical,,
s.e.n.,Medical,,
s.h.o.,Medical,,
s.i.g.n.,Medical,,
s.i.o.p.,Medical,,
s.l.p.,Medical,,
s.n.,Medical,,
s.o.m.a.,Medical,,
s.p.r.,Medical,,
s.s.c.d.,Medical,,
s.t.f.m.,Medical,,
s.t.s.c.,Medical,,
 scd ,Medical,,
 scoap ,Medical,,
 sen ,Medical,,
 sho ,Medical,,
 sign ,Medical,,
 siop ,Medical,,
 slp ,Medical,,
 sn ,Medical,,
 soma ,Medical,,
 spr ,Medical,,
 sscd ,Medical,,
 stfm ,Medical,,
 stsc ,Medical,,
surgical assistant,Medical,,
surgical office manager,Medical,,
svp cardiovascular,Medical,,
svp cardiovascular service line,Medical,,
svp care management,Medical,,
svp clinical,Medical,,
svp clinical research,Medical,,
svp of cardiovascular,Medical,,
svp of cardiovascular service line,Medical,,
svp of care management,Medical,,
svp of clinical,Medical,,
svp of rheumatology,Medical,,
svp rheumatology,Medical,,
t.h.d.,Medical,,
 thd ,Medical,,
therapy development specialist,Medical,,
u.d.c.,Medical,,
u.e.m.s.,Medical,,
u.k.p.d.s.,Medical,,
u.n.o.s.,Medical,,
u.s.m.l.e.,Medical,,
 udc ,Medical,,
 uems ,Medical,,
 ukpds ,Medical,,
 unos ,Medical,,
 usmle ,Medical,,
v.a.,Medical,,
 va ,Medical,,
vp cardiovascular,Medical,,
vp cardiovascular service line,Medical,,
vp care management,Medical,,
vp clinical,Medical,,
vp clinical research,Medical,,
vp of cardiovascular,Medical,,
vp of cardiovascular service line,Medical,,
vp of care management,Medical,,
vp of clinical,Medical,,
vp of clinical research,Medical,,
vp of rheumatology,Medical,,
vp rheumatology,Medical,,
w.h.n.p.,Medical,,
 whnp ,Medical,,
abdominal imaging specialist,Medical,,
abdominal transplant surgeon,Medical,,
 acupuncturist ,Medical,,
addiction specialist,Medical,,
adolescent medicine specialists,Medical,,
adult congenital heart disease specialist,Medical,,
advanced heart failure and heart transplant specialist,Medical,,
advanced practice dietitian,Medical,,
aesthetic dermatology specialist,Medical,,
allergist and immunologist,Medical,,
allergy specialist,Medical,,
anesthesiololgist assistant,Medical,,
aneurysm neurosurgeon,Medical,,
ankle surgeon,Medical,,
arthritis and joint replacement surgeon,Medical,,
autoimmune disease specialist,Medical,,
autonomic disorders specialist,Medical,,
bariatric surgeon,Medical,,
bariatric surgeon and general surgeon,Medical,,
bariatric surgeons,Medical,,
behavioral health specialist,Medical,,
benign gynecology specialist,Medical,,
biliary specialist,Medical,,
blistering disease specialist,Medical,,
blood and marrow transplant specialist,Medical,,
brain injury specialist,Medical,,
breast cancer specialist,Medical,,
breast imaging specialist,Medical,,
breast reconstructive surgeon,Medical,,
breast specialist,Medical,,
breast surgeon,Medical,,
breast surgeons,Medical,,
cancer specialist,Medical,,
cardiac surgeon,Medical,,
cardiothoracic and vascular surgeons,Medical,,
cardiothoracic imaging specialist,Medical,,
cardiothoracic surgeon,Medical,,
cardiovascular disease specialists,Medical,,
cardiovascular specialist,Medical,,
cardiovascular surgeon,Medical,,
cataract specialist,Medical,,
cataract surgeon,Medical,,
celiac disease specialist,Medical,,
cell therapy and hematologic malignancies specialist,Medical,,
cerebrovascular neurosurgeon,Medical,,
certified anesthesiologist assistant,Medical,,
certified clinical nurse specialist,Medical,,
certified diabetes educator and registered dietitian,Medical,,
certified hand specialist,Medical,,
certified nurse specialist,Medical,,
certified registered nurse anesthetist (crna),Medical,,
certified surgical technologist / first assist,Medical,,
certified wound specialist physician,Medical,,
child abuse and neglect specialist,Medical,,
clinical dietitian,Medical,,
clinical dietitian specialist,Medical,,
clinical nurse specialist,Medical,,
clinical nurse specialist family health,Medical,,
"clinical nurse specialist oncology, pediatrics",Medical,,
clinical nurse specialist pediatrics,Medical,,
"clinical nurse specialist psych/mental health, adult",Medical,,
clinical nurse specialist women's health,Medical,,
clinical nurse specialist-acute care,Medical,,
"clinical nurse specialist, gerontology",Medical,,
clinical nurse specialist: adult health,Medical,,
clinical nurse specialist: adult psychiatric and mental health,Medical,,
colo-rectal surgeon,Medical,,
colon and rectal surgeon,Medical,,
colon and rectal surgeons,Medical,,
colorectal surgeon,Medical,,
concussion specialist,Medical,,
cornea specialist,Medical,,
corneal specialist,Medical,,
cosmetic plastic surgeon,Medical,,
critical care specialist,Medical,,
cutaneous oncology specialist,Medical,,
cystic fibrosis specialist,Medical,,
deep brain stimulation specialist,Medical,,
dental surgeon,Medical,,
dermato oncology specialist,Medical,,
dermatologic surgeon,Medical,,
dermatologist (skin),Medical,,
diabetes and metabolism specialist,Medical,,
dialysis access surgeon,Medical,,
dialysis specialist,Medical,,
 dietitian ,Medical,,
dietitian nutritionist,Medical,,
dietitian services,Medical,,
"dietitian, registered nutrition, pediatric",Medical,,
"ear nose and throat, sinus specialist",Medical,,
"ear, nose and throat specialist",Medical,,
"ear, nose, and throat specialist",Medical,,
"ears, nose, and throat surgeon",Medical,,
emergency medical specialist,Medical,,
emergency medical specialist (fasttrack),Medical,,
emergency medicine and hospitalist medicine,Medical,,
emergency medicine specialist,Medical,,
emergency room specialist,Medical,,
endocrine surgeon,Medical,,
endoscopic nasal and sinus surgeon,Medical,,
endoscopic sinus and skull base surgeon,Medical,,
endoscopic ultrasound specialist,Medical,,
endovascular neurosurgeon,Medical,,
ent specialist,Medical,,
epilepsy neurosurgeon,Medical,,
epilepsy specialist,Medical,,
esophageal and gastric cancer surgeon,Medical,,
eye specialists,Medical,,
facial plastic surgeon,Medical,,
facial plastic surgeons,Medical,,
fertility specialist,Medical,,
foot and ankle orthopaedic surgeon,Medical,,
foot and ankle specialists,Medical,,
foot and ankle surgeon,Medical,,
functional neurosurgeon,Medical,,
gastrointestinal cancer prevention specialist,Medical,,
gastrointestinal specialist,Medical,,
gastrointestinal surgeon,Medical,,
general and transplant surgeon,Medical,,
general ear nose throat specialist,Medical,,
general surgeon,Medical,,
general surgeon � breast specialist,Medical,,
general surgeons,Medical,,
genital dermatology specialist,Medical,,
genitourinary specialist,Medical,,
geriatric clinical nurse specialist.,Medical,,
geriatric medicine specialist,Medical,,
geriatric specialist,Medical,,
gist (gastrointestinal stromal tumor),Medical,,
glaucoma specialist,Medical,,
glomerulonephiritis specialist,Medical,,
gynecologic cancers specialist,Medical,,
hair loss specialist,Medical,,
hand and upper extremity surgeon,Medical,,
hand specialist,Medical,,
hand surgeon,Medical,,
hand surgeon (orthopedic),Medical,,
hand surgeons,Medical,,
hand transplant surgeon,Medical,,
hand/elbow specialist,Medical,,
hand/elbow/shoulder specialist,Medical,,
head and neck specialist,Medical,,
head and neck surgeon,Medical,,
headache and facial pain specialist,Medical,,
headache specialist,Medical,,
health and fitness specialists,Medical,,
hearing instrument specialist,Medical,,
heart and kidney disease specialist,Medical,,
heart and lung transplant specialist,Medical,,
heart and lung transplant surgeon,Medical,,
heart surgeon,Medical,,
heart surgeons,Medical,,
heart transplant surgeon,Medical,,
hematologist and oncologist,Medical,,
hematologist oncologist,Medical,,
hepatobiliary surgeon,Medical,,
high risk pregnancy (mfm) specialists,Medical,,
hip and pelvis reconstruction surgeon,Medical,,
hip preservation surgeon,Medical,,
hip specialist,Medical,,
hiv disease specialist,Medical,,
hiv specialist,Medical,,
hospice and palliative care clinical nurse specialist,Medical,,
hospital medicine specialist,Medical,,
hospitalist - adult,Medical,,
hospitalist - adult fellowship,Medical,,
hospitalist - courtesy,Medical,,
hospitalist - family medicine,Medical,,
hospitalist - internal medicine,Medical,,
hospitalist - ob,Medical,,
hospitalist - ob/gyn,Medical,,
hospitalist - part-time,Medical,,
hospitalist - pediatrics,Medical,,
hospitalist - primary,Medical,,
hospitalist - pt,Medical,,
hospitalist (family medicine),Medical,,
hospitalist (inpatient care),Medical,,
hospitalist (internal medicine),Medical,,
hospitalist (internist),Medical,,
hospitalist (medicine),Medical,,
hospitalist (obstetrics and gynecology),Medical,,
hospitalist (pediatric),Medical,,
hospitalist (pediatrics),Medical,,
hospitalist / internal medicine,Medical,,
hospitalist and family practice,Medical,,
hospitalist and inpatient services,Medical,,
hospitalist and internal medicine,Medical,,
hospitalist and urgent care,Medical,,
hospitalist care,Medical,,
hospitalist family nurse practitioner,Medical,,
hospitalist internal medicine,Medical,,
hospitalist medicine,Medical,,
hospitalist medicine program,Medical,,
hospitalist nurse practitioner,Medical,,
hospitalist physician,Medical,,
hospitalist physician assistant,Medical,,
hospitalist program,Medical,,
hospitalist service,Medical,,
hospitalist services,Medical,,
hyperbaric medicine specialist,Medical,,
hyperbaric specialists,Medical,,
hypertension specialist,Medical,,
infectious disease specialist,Medical,,
infectious disease specialists,Medical,,
inflammatory bowel disease specialist,Medical,,
inpatient specialist,Medical,,
intensivist - critical care,Medical,,
intensivist - internal medicine,Medical,,
intensivist - pulmonary medicine,Medical,,
intensivist (critical care),Medical,,
internal medicine/hospitalist (hospital inpatients only),Medical,,
interstitial lung disease specialist,Medical,,
joint replacement surgeon,Medical,,
joint replacement/hip/knee/shoulder specialist,Medical,,
joint replacement/knee/hip specialist,Medical,,
joint replacement/shoulder/knee specialist,Medical,,
joint replacement/shoulder/knee/hip specialist,Medical,,
kidney transplant specialist,Medical,,
kidney transplant surgeon,Medical,,
laparoscopic surgeon,Medical,,
large colon polyp specialist,Medical,,
laser specialist,Medical,,
leukemia specialist,Medical,,
lipid specialist,Medical,,
liver surgeon,Medical,,
liver transplant specialist,Medical,,
liver transplant surgeon,Medical,,
liver transplantation specialist,Medical,,
living donor nephrectomy surgeon,Medical,,
lung transplant specialist,Medical,,
lymphoma specialist,Medical,,
male fertility specialist,Medical,,
male sexual function specialist,Medical,,
maternal and fetal medicine specialist,Medical,,
medical fitness specialist,Medical,,
medical hospitalist services,Medical,,
melanoma specialist,Medical,,
melanoma surgeon,Medical,,
memory disorders specialist,Medical,,
micropigmentation specialist,Medical,,
microvascular surgeon,Medical,,
minimally invasive gynecology surgeon,Medical,,
minimally invasive surgeon,Medical,,
mohs surgeon,Medical,,
motility specialist,Medical,,
movement disorders specialist,Medical,,
moyamoya surgeon,Medical,,
multiple myeloma specialist,Medical,,
multiple sclerosis specialist,Medical,,
musculoskeletal imaging specialist,Medical,,
musculoskeletal tumors surgeon,Medical,,
neonatal perinatal medicine specialists,Medical,,
nephrologist kidney specialist,Medical,,
neuro ophthalmology specialist,Medical,,
neuro-rehabilitation specialist,Medical,,
neurocritical care specialist,Medical,,
neurohospitalist (inpatient care),Medical,,
neuroimaging specialist,Medical,,
neurologist (brain and spine),Medical,,
neurology clinical specialist,Medical,,
 neurosurgeon ,Medical,,
neurosurgeon (brain and spine),Medical,,
 neurosurgeons ,Medical,,
nuclear medicine specialists,Medical,,
nurse anesthetist - anesthesia,Medical,,
nurse anesthetist - crna,Medical,,
nurse anesthetist (crna),Medical,,
nutrition specialist,Medical,,
"nutrition specialist, physician",Medical,,
obstetrics family planning specialist,Medical,,
obstetrics fertility specialist,Medical,,
obstetrics minimally invasive gynecologic surgeon,Medical,,
obstetrics pelvic surgeon,Medical,,
obstetrics sexual health specialist,Medical,,
oculofacial plastic surgeon,Medical,,
oncoplastic breast surgeon,Medical,,
ophthalmologic surgeon,Medical,,
 ophthalmology/surgeon ,Medical,,
optometric glaucoma specialist,Medical,,
oral and maxillofacial surgeon,Medical,,
oral and maxillofacial surgeons,Medical,,
oral maxillofacial surgeon,Medical,,
oral surgeon,Medical,,
orofacial pain specialist,Medical,,
orthopaedic foot and ankle specialist,Medical,,
orthopaedic surgeon,Medical,,
orthopaedic technologist medical,Medical,,
orthopaedic technologist surgery,Medical,,
orthopaedic trauma surgeon,Medical,,
orthopedic hospitalist surgeon,Medical,,
orthopedic surgeon,Medical,,
orthopedic surgeon and sports medicine,Medical,,
orthopedic surgeon and wound care specialist,Medical,,
orthopedic surgeons,Medical,,
orthopedic trauma specialists,Medical,,
orthopedic/spine surgeon,Medical,,
otolaryngologist (ent),Medical,,
otolaryngologist (ent) and plastic facial surgery,Medical,,
pain management specialist,Medical,,
pain management specialists,Medical,,
pain medicine specialist,Medical,,
pain neurosurgeon,Medical,,
pain specialist,Medical,,
pain specialists,Medical,,
pain surgeon,Medical,,
palliative care specialists,Medical,,
palliative medicine specialist,Medical,,
pancreas specialist,Medical,,
pancreas transplant surgeon,Medical,,
pancreatic surgeon,Medical,,
pathologist assistant,Medical,,
"pathology, specialist/technologist",Medical,,
pediatric allergy and immunology specialist,Medical,,
pediatric bone marrow transplant specialist,Medical,,
pediatric cardiothoracic surgeon,Medical,,
pediatric cardiothoracic surgeons,Medical,,
pediatric critical care medicine specialist,Medical,,
pediatric critical care surgeons,Medical,,
"pediatric ear, nose and throat (ent) specialists",Medical,,
pediatric emergency medicine specialist,Medical,,
pediatric emergency medicine specialist (fasttrack),Medical,,
pediatric endocrinology - certified diabetes educator and registered dietitian,Medical,,
pediatric head and neck surgeon,Medical,,
pediatric heart surgeon,Medical,,
pediatric hematologist oncologist,Medical,,
pediatric hematology-oncology specialist,Medical,,
pediatric hospital medicine specialist,Medical,,
pediatric hospitalist (inpatient care),Medical,,
pediatric hospitalist medicine,Medical,,
pediatric hospitalist physicians,Medical,,
pediatric hospitalist service,Medical,,
pediatric hospitalist services,Medical,,
pediatric infectious disease specialist,Medical,,
pediatric infectious disease specialists,Medical,,
pediatric infectious diseases specialist,Medical,,
pediatric liver transplant specialist,Medical,,
pediatric lung specialist,Medical,,
pediatric medical genetics specialist,Medical,,
pediatric neurosurgeon,Medical,,
pediatric oral surgeon,Medical,,
pediatric orthopaedic surgeon,Medical,,
pediatric orthopedic surgeons,Medical,,
pediatric otolaryngologist (ent),Medical,,
pediatric plastic and reconstructive surgeon,Medical,,
pediatric plastic surgeons,Medical,,
pediatric pulmonary specialists,Medical,,
pediatric sleep specialist,Medical,,
pediatric specialist,Medical,,
pediatric spine surgeon,Medical,,
pediatric surgeon,Medical,,
pediatric surgeons,Medical,,
pediatrics - nutrition specialist,Medical,,
pelvic reconstructive surgeon,Medical,,
performance dietitian,Medical,,
performance specialist,Medical,,
peripheral nerve surgeon,Medical,,
physiatrist (physical medicine/rehab),Medical,,
physical medicine and rehab (pmandr) specialists,Medical,,
physician/surgeon of the foot and ankle,Medical,,
pituitary tumors neurosurgeon,Medical,,
plastic and cosmetic surgeon,Medical,,
plastic and reconstructive surgeon,Medical,,
plastic surgeon,Medical,,
plastic surgeons,Medical,,
prediabetes specialist,Medical,,
psoriasis specialist,Medical,,
psychology specialists,Medical,,
pulmonary and critical care specialists,Medical,,
pulmonary critical care specialist,Medical,,
pulmonary hypertension specialist,Medical,,
pulmonary medicine specialist,Medical,,
radiation oncology specialist,Medical,,
radiology - full time radiologist cvrmc,Medical,,
reconstructive rearfoot ankle surgeons,Medical,,
reflux specialists,Medical,,
refractive surgery specialist,Medical,,
refractory hypertension specialist,Medical,,
registered dietitian,Medical,,
registered dietitian nutritionist,Medical,,
retina specialist,Medical,,
retinal specialist,Medical,,
sarcoma specialist,Medical,,
shoulder and elbow surgeon,Medical,,
shoulder surgeon,Medical,,
"shoulder, elbow, wrist and hand surgery",Medical,,
skin stem cell specialist,Medical,,
sleep medicine specialist,Medical,,
sleep specialist,Medical,,
sleep specialists,Medical,,
sleep surgeon,Medical,,
specialist in internal medicine and practitioner of direct primary care,Medical,,
"specialist/technologist, other-surgical",Medical,,
specialists and services,Medical,,
spine neurosurgeon,Medical,,
spine specialist,Medical,,
spine surgeon,Medical,,
spine surgeons,Medical,,
spine/neck/back specialist,Medical,,
sports medicine orthopaedic surgeon,Medical,,
sports medicine specialist,Medical,,
sports medicine surgeon,Medical,,
sports medicine/foot/ankle specialist,Medical,,
sports medicine/knee/shoulder specialist,Medical,,
sports medicine/shoulder specialist,Medical,,
stereotactic neurosurgeon,Medical,,
 surgeon ,Medical,,
 surgeons ,Medical,,
therapeutic endoscopy specialist,Medical,,
thoracic specialist,Medical,,
thoracic surgeon,Medical,,
thoracic surgeons,Medical,,
thyroid and parathyroid surgeon,Medical,,
tolerance induction protocol specialist,Medical,,
total joint replacement surgeon,Medical,,
transfusion medicine specialist,Medical,,
transplant surgeon,Medical,,
trauma and critical care surgeon,Medical,,
trauma neurosurgeon,Medical,,
trauma surgeon,Medical,,
urogynecologist and cosmetic vaginal surgeons,Medical,,
urologic specialist,Medical,,
urologic surgeon,Medical,,
uveitis specialist,Medical,,
vascular medicine specialist,Medical,,
vascular surgeon,Medical,,
vascular surgeons,Medical,,
vein specialist,Medical,,
vitreo retinal specialist,Medical,,
weight loss surgeon,Medical,,
women�s health and lactation specialist,Medical,,
women�s health and pelvic pain specialist,Medical,,
wound care specialist,Medical,,
wound care specialists,Medical,,
B. A.,Generic,,
M.Ed.,Generic,,
M. Ed.,Generic,,
B.S.,Generic,,
B.B.A.,Generic,,
Management Development Certification,Generic,,
(acting) customer director,Generic,,
.net consultant,IT,,
.net developer,IT,,
.net developer intern,IT,,
.net developer sr.,IT,,
.net software developer,IT,,
.net software engineer,IT,,
.net softwaredeveloper,IT,,
.net technical lead,IT,,
.net trainee,IT,,
.net web developer,IT,,
11th grade advisory,Generic,,
11th grade american literature,Generic,,
11th grade english teacher,Generic,,
11th grade integrated math teacher,Generic,,
2nd engineer,Generic,,
3rd engineer,Generic,,
 academic ,Generic,,
academic advisor,Generic,,
academic staff,Generic,,
account director,Generic,,
account executive,Generic,,
account management,Generic,,
account manager,Generic,,
account manager - americas oil & gas,Generic,,
 accountant ,Generic,,
accounting manager,Generic,,
acquisition exchange professional,Generic,,
 activist ,Generic,,
adjointe juridique,Unknown,,
 adjunct ,Unknown,,
adjunct faculty,Generic,,
adjunct instructor,Generic,,
adjunct professor,Generic,,
 admin ,Generic,,
admin assistant,Generic,,
administrative assistant,Generic,,
administrative associate,Generic,,
administrative director,Generic,,
 administrator ,Generic,,
admissions counselor,Generic,,
 advisor ,Generic,,
advisory board member,Generic,,
 advocate ,Generic,,
 advogada ,Unknown,,
advogada na almeida advogados,Unknown,,
 advogado ,Unknown,,
african leadership academy,Generic,,
 agent ,Generic,,
agile coach,Generic,,
 analyst ,Generic,,
analytical chemistry,Generic,,
and m&a,Generic,,
and m&a data,Generic,,
angel investor,Generic,,
ap specialist,Generic,,
apex clean energy,Energy,,
applications engineer,Energy,,
 architect ,Generic,,
 archivist ,Generic,,
area growth executive,Generic,,
area manager,Generic,,
area sales manager,Generic,,
area service manager,Generic,,
art director,Generic,,
art handler,Generic,,
 assembler ,Generic,,
asset management,Generic,,
asset manager,Generic,,
 assistant ,Generic,,
assistant director,Generic,,
assistant driller,Generic,,
assistant general counsel,Generic,,
assistant professor,Generic,,
assistant treasurer,Generic,,
assistant vice president,Generic,,
 associate ,Generic,,
associate director,Generic,,
associate general counsel,Generic,,
associate manager,Generic,,
associate professor,Generic,,
associate vice president,Generic,,
asst.professor,Generic,,
 asu ,Generic,,
 attorney ,Generic,,
audio engineer,Generic,,
 auditor ,Generic,,
australian alternate representative,Generic,,
australian consulate-general,Generic,,
 author ,Generic,,
automation engineer,Generic,,
 avocat ,Generic,,
avocat chez lavery,Generic,,
 avocate ,Generic,,
avocate chez lavery,Generic,,
 avp ,Generic,,
backend developer,Generic,,
barge supervisor,Generic,,
benefits manager,Generic,,
board director,Generic,,
board member,Generic,,
board member of ny mit alumni chapter,Generic,,
board of director,Generic,,
board of directors,Generic,,
branch manager,Generic,,
brand ambassador,Generic,,
brand marketing,Generic,,
 branding ,Generic,,
 broker ,Generic,,
 bsr ,Generic,,
bsr (business for social responsibility),Generic,,
 builder ,Generic,,
business advisor,Generic,,
business analyst,Generic,,
business consultant,Generic,,
business development,Generic,,
business development & sales,Generic,,
business development director,Generic,,
business development executive,Generic,,
business development manager,Generic,,
business development professional,Generic,,
business director,Generic,,
business intelligence,Generic,,
business leader,Generic,,
business operations,Generic,,
business owner,Generic,,
business partner,Generic,,
business professional,Generic,,
business strategy,Generic,,
business systems analyst,Generic,,
 buyer ,Generic,,
cad designer,Generic,,
 captain ,Generic,,
carnegie corporation of new york,Generic,,
catering manager,Generic,,
 cdo ,Generic,,
center manager,Generic,,
 ceo ,Generic,,
ceo & co-founder,Generic,,
ceo & president,Generic,,
ceo and founder,Generic,,
 cfa ,Finance,Education,
 cfo ,Generic,,
chair,Generic,,
chairman ,Generic,,
chairperson,Generic,,
chair-person,Generic,,
chair person,Generic,,
vice chairperson,Generic,,
vice-chairperson,Generic,,
vice chair-person,Generic,,
vice-chair-person,Generic,,
vice chair person,Generic,,
vice-chair person,Generic,,
chairman & ceo,Generic,,
chairman of the board,Generic,,
change agent,Generic,,
change management,Generic,,
 chefkonsulent ,Generic,,
chief administrative officer,Generic,,
chief architect,Generic,,
chief compliance officer,Generic,,
chief commercial officer,Generic,,
chief counsel,Generic,,
chief development officer,Generic,,
chief engineer,Generic,,
chief executive director,Generic,,
chief executive officer,Generic,,
chief finance officer,Generic,,
chief financial officer,Generic,,
chief human resources officer,Generic,,
chief information officer,Generic,,
chief innovation officer,Generic,,
chief investment officer,Generic,,
chief marketing officer,Generic,,
chief mate,Generic,,
chief mechanic,Generic,,
chief medical officer,Generic,,
chief of staff,Generic,,
chief officer,Generic,,
chief operating officer,Generic,,
chief product officer,Generic,,
chief revenue officer,Generic,,
chief scientist,Generic,,
chief strategy officer,Generic,,
chief technology officer,Generic,,
chief technology officer (cto),Generic,,
chief program officer,Generic,,
 choate ,Unknown,,
 choreographer ,Generic,,
 cio ,Generic,,
 cissp ,Unknown,,
 cleantech ,Unknown,,
 clerk ,Generic,,
client engagement,Generic,,
client experience,Generic,,
client relations,Generic,,
client relationship manager,Generic,,
client service,Generic,,
client services,Generic,,
client strategy and research intern,Generic,,
cnc machinist,Generic,,
co-chair,Generic,,
co-director,Generic,,
co-founder,Generic,,
co founder,Generic,,
co-founder & ceo,Generic,,
co-founder & cto,Generic,,
co-founder & managing director,Generic,,
co-founder and ceo,Generic,,
co-head of equities,Generic,,
co-owner,Generic,,
 coach ,Generic,,
 cofounder ,Generic,,
 collaborator ,Generic,,
college instructor,Generic,,
commercial development manager,Generic,,
commercial director,Generic,,
commercial operations,Generic,,
communication writing fellow,Generic,,
communications director,Generic,,
communications strategist,Generic,,
community leader,Generic,,
 compliance ,Generic,,
compliance officer,Generic,,
 composer ,Generic,,
 consultant ,Generic,,
consultant relations,Generic,,
 consulting ,Generic,,
consulting cfo,Generic,,
content creator,Generic,,
content manager,Generic,,
content strategist,Generic,,
 contractor ,Generic,,
 controller ,Generic,,
 conversica ,Generic,,
 coo ,Generic,,
 coordinator ,Generic,,
 copywriter ,Generic,,
corporate accounting,Generic,,
corporate communications,Generic,,
corporate controller,Generic,,
corporate development,Generic,,
corporate finance,Generic,,
corporate lawyer,Generic,,
corporate strategist,Generic,,
corporate venture capital,Generic,,
 counsel ,Generic,,
 counselor ,Generic,,
country director,Generic,,
country manager,Generic,,
court reporter,Generic,,
 cpa ,Generic,Certification,
crane operator,Generic,,
creative and marketing lead,Generic,,
creative consultant,Generic,,
creative director,Generic,,
creative lead,Generic,,
creative producer,Generic,,
credit controller,Generic,,
 crm ,Generic,,
 cro ,Generic,,
 cso ,Generic,,
 csr ,Generic,,
 cto ,Generic,,
 curator ,Generic,,
curatorial assistant,Generic,,
curriculum development,Generic,,
customer experience executive,Generic,,
customer success executive,Generic,,
customer success manager,Generic,,
customer support,Generic,,
cyber security,Generic,,
data analyst,Generic,,
data engineer,Generic,,
data entry,Generic,,
data protection officer,Generic,,
data recorder,Generic,,
data recorder for underwater inspections,Generic,,
data science,Generic,,
data science enthusiast,Generic,,
data scientist,Generic,,
department chair,Generic,,
depot supervisor,Generic,,
deputy director,Generic,,
deputy executive director,Generic,,
deputy general counsel,Generic,,
deputy head of research australia & nz,Generic,,
 derrickman ,Generic,,
 designer ,Generic,,
 developer ,Generic,,
development capital americas,Generic,,
development manager,Generic,,
 devops ,Generic,,
devops engineer,Generic,,
digital content,Generic,,
digital marketer,Generic,,
digital marketing,Generic,,
digital marketing consultant,Generic,,
digital marketing strategist,Generic,,
digital strategist,Generic,,
 director ,Generic,,
director business development,Generic,,
director fleet americas,Generic,,
director for the americas,Generic,,
director of admissions,Generic,,
director of analysis,Generic,,
director of analytics,Generic,,
director of biology,Generic,,
director of business development,Generic,,
director of business development (americas),Generic,,
director of communications,Generic,,
director of compliance,Generic,,
director of construction,Generic,,
director of corporate development,Generic,,
director of corporate partnerships,Generic,,
director of customer development,Generic,,
director of customer service,Generic,,
director of data,Generic,,
director of delivery,Generic,,
director of design,Generic,,
director of development,Generic,,
director of digital marketing,Generic,,
director of director of finance,Generic,,
director of engineering,Generic,,
director of events,Generic,,
director of finance,Generic,,
director of foundation,Generic,,
director of genetic,Generic,,
director of global,Generic,,
director of home health,Generic,,
director of human resources,Generic,,
director of informatics,Generic,,
director of information technology,Generic,,
director of integration,Generic,,
director of integrity,Generic,,
director of keep australia beautiful national,Generic,,
director of lab,Generic,,
director of legal affairs,Generic,,
director of marketing,Generic,,
director of operations,Generic,,
director of organizational development,Generic,,
director of outcomes,Generic,,
director of packaging,Generic,,
director of partnerships,Generic,,
director of patient,Generic,,
director of product,Generic,,
director of product management,Generic,,
director of product marketing,Generic,,
director of production,Generic,,
director of project,Generic,,
director of public relations,Generic,,
director of purchasing,Generic,,
director of quality,Generic,,
director of research,Generic,,
director of revenue cycle,Generic,,
director of sales,Generic,,
director of scientific,Generic,,
director of scientific affairs,Generic,,
director of securities,Generic,,
director of security,Generic,,
director of site,Generic,,
director of software,Generic,,
director of software development,Generic,,
director of software engineering,Generic,,
director of software support,Generic,,
director of sourcing,Generic,,
director of sourcing & procurement,Generic,,
director of strategic partnerships,Generic,,
director of strategic planning,Generic,,
director of strategy,Generic,,
director of talent management,Generic,,
director of technology,Generic,,
director of training,Generic,,
director of transportation,Generic,,
director of treasurer,Generic,,
director service sales & marketing,Generic,,
 economist ,Generic,,
 edi ,Generic,,
 editor ,Generic,,
educational consultant,Generic,,
 educator ,Generic,,
 eit ,Generic,,
electrical engineer,Generic,,
 electrician ,Generic,,
employer relations,Generic,,
energi- og forsyningsministeriet,Generic,,
 engineer ,Generic,,
engineering manager,Generic,,
engineering technician,Generic,,
enterprise architect,Generic,,
enterprise customer success manager,Generic,,
enterprise sales,Generic,,
 entrepreneur ,Generic,,
environmental engineer,Generic,,
equipment engineer,Generic,,
equity research,Generic,,
 esg ,Generic,,
 eto ,Generic,,
event coordinator,Generic,,
event planner,Generic,,
events manager,Generic,,
everstone capital,Generic,,
 evp ,Generic,,
 executive ,Generic,,
executive & board liaison,Generic,,
executive & life coach,Generic,,
executive & personal assistant,Generic,,
executive - r&d,Generic,,
executive - secretarial,Generic,,
executive assistant,Generic,,
executive chairman,Generic,,
executive coach,Generic,,
executive director,Generic,,
executive education,Generic,,
executive in residence,Generic,,
executive managing director,Generic,,
executive producer,Generic,,
executive secretary,Generic,,
executive vice president,Generic,,
exhibition designer,Generic,,
 expeditor ,Generic,,
 fabricator ,Generic,,
 facilitator ,Generic,,
facilities manager,Generic,,
 faculty ,Generic,,
faculty member,Generic,,
 feup ,Generic,,
field service technician,Generic,,
field technician,Generic,,
finance director,Generic,,
finance manager,Generic,,
finance officer,Generic,,
financial advisor,Generic,,
financial analysis,Generic,,
financial analyst,Generic,,
financial controller,Generic,,
financial officer,Generic,,
fine artist,Generic,,
firmware engineer,Generic,,
first eagle investment management,Generic,,
fiscal sponsorship officer,Generic,,
 floorman ,Generic,,
forbes 30 under 30,Generic,,
forbes tech council,Generic,,
forbes technology council,Generic,,
forbes technology council member,Generic,,
 forman ,Generic,,
former ceo,Generic,,
 founder ,Generic,,
founder & ceo,Generic,,
founder and ceo,Generic,,
founding board member,Generic,,
founding partner,Generic,,
 fp&a ,Generic,,
 freelance ,Generic,,
freelance court reporter,Generic,,
freelance creative consultant,Generic,,
freelance creative director,Generic,,
freelance creative director & visual advisor,Generic,,
freelance creative lead,Generic,,
freelance creative partner,Generic,,
freelance hands-on sr. creative,Generic,,
freelance public relations support,Generic,,
freelance writer,Generic,,
 freelancer ,Generic,,
fresh graduate,Generic,,
frontend developer,Generic,,
full stack developer,Generic,,
full stack engineer,Generic,,
 fundraising ,Generic,,
general counsel,Generic,,
general manager,Generic,,
general partner,Generic,,
generation investment management,Generic,,
 geologist ,Generic,,
global business development,Generic,,
global director,Generic,,
global head of hr,Generic,,
global marketing director & business director,Generic,,
graduate assistant,Generic,,
graduate student,Generic,,
graphic designer,Generic,,
group leader,Generic,,
group manager,Generic,,
growth strategist,Generic,,
head of active equities,Generic,,
head of alternative investments,Finance,,
head of finance,Finance,,
head of investments,Finance,,
head of equities,Finance,,
head of alternative risk premia,Generic,,
head of american equities,Finance,,
head of americas cash management development,Generic,,
head of americas human resources,Generic,,
head of americas procurement,Generic,,
head of americas sales development for g suite,Generic,,
head of americas zone,Generic,,
head of analysis,Generic,,
head of analytical center,Generic,,
head of analytics,Generic,,
head of ancillary,Generic,,
head of australasia,Generic,,
head of automation,Generic,,
head of biology,Generic,,
head of business development,Generic,,
head of campus recruiting,Generic,,
head of communications,Generic,,
head of compliance,Generic,,
head of construction,Generic,,
head of corporate development,Generic,,
head of corporate partnerships,Generic,,
head of customer development,Generic,,
head of customer service,Generic,,
head of data,Generic,,
head of delivery,Generic,,
head of department,Generic,,
head of design,Generic,,
head of digital marketing,Generic,,
head of director of finance,Generic,,
head of division,Generic,,
head of engineering,Generic,,
head of financial planning & analysis,Generic,,
head of foundation,Generic,,
head of genetic,Generic,,
head of global,Generic,,
head of home health,Generic,,
head of human resources,Generic,,
head of informatics,Generic,,
head of information technology,Generic,,
head of integration,Generic,,
head of integrity,Generic,,
head of lab,Generic,,
head of legal,Generic,,
head of legal affairs,Generic,,
head of marketing,Generic,,
head of medical,Generic,,
head of operations,Generic,,
head of organizational development,Generic,,
head of outcomes,Generic,,
head of packaging,Generic,,
head of patient,Generic,,
head of private equity strategies,Generic,,
head of private fund accounting,Generic,,
head of product,Generic,,
head of product management,Generic,,
head of product marketing,Generic,,
head of production,Generic,,
head of project,Generic,,
head of public relations,Generic,,
head of purchasing,Generic,,
head of quantitative funds,Generic,,
head of quantitative investments,Generic,,
head of quantitative management,Generic,,
head of quantitative research,Generic,,
head of research,Generic,,
head of respiratory,Generic,,
head of revenue cycle,Generic,,
head of rheumatology,Generic,,
head of sales,Generic,,
head of scientific,Generic,,
head of scientific affairs,Generic,,
head of section,Generic,,
head of securities,Generic,,
head of security,Generic,,
head of site,Generic,,
head of software,Generic,,
head of software engineering,Generic,,
head of software support,Generic,,
head of strategic partnerships,Generic,,
head of strategic planning,Generic,,
head of strategy,Generic,,
head of talent,Generic,,
head of talent management,Generic,,
head of trading - equities,Generic,,
head of training,Generic,,
head of transportation,Generic,,
head of treasurer,Generic,,
health educator,Generic,,
higher education professional,Generic,,
 historian ,Generic,,
hr assistant,Generic,,
hr business partner,Generic,,
hr consultant,Generic,,
hr manager,Generic,,
human resource professional,Generic,,
human resources business partner,Generic,,
human resources manager,Generic,,
 illustrator ,Generic,,
impact investing,Generic,,
in-house counsel,Generic,,
independent consultant,Generic,,
independent director,Generic,,
individual development,Generic,,
industrial engineering,Generic,,
inesc tec,Generic,,
information technology intern,Generic,,
innovative discovery,Generic,,
 innovator ,Generic,,
inside sales,Generic,,
institutional consultant,Generic,,
institutional consulting director,Generic,,
institutional sales,Generic,,
 instructor ,Generic,,
intake specialist,Generic,,
integrity manager,Generic,,
intellectual property,Generic,,
interim director of product marketing,Generic,,
 intern ,Generic,,
internal auditor,Generic,,
international business development,Generic,,
international educator,Generic,,
international speaker,Generic,,
inuit career facilitator,Generic,,
 inventor ,Generic,,
investment analysis,Generic,,
investment analyst,Generic,,
investment banker,Generic,,
investment banking,Generic,,
investment director,Generic,,
investment manager,Generic,,
investment partner,Generic,,
investment professional,Generic,,
 investor ,Generic,,
investor and advisor,Generic,,
investor relations,Generic,,
invited assistant professor,Generic,,
ip attorney,IT,,
it director,IT,,
it infrastructure,IT,,
it manager,IT,,
it operations,IT,,
it technician,IT,,
 journalist ,Generic,,
kairos fellow,Generic,,
key account manager,Generic,,
keynote speaker,Generic,,
 kontorchef ,Generic,,
 lacera ,Generic,,
law student,Generic,,
 lawyer ,Generic,,
lead consultant,Generic,,
lead data scientist,Generic,,
lead engineer,Generic,,
lead operator,Generic,,
lead portfolio manager,Generic,,
lead software engineer,Generic,,
lead winter weather specialist,Generic,,
 leader ,Generic,,
leadership coach,Generic,,
leadership consultant,Generic,,
leadership development,Generic,,
learning & development,Generic,,
learning & talent specialist,Generic,,
learning and development,Generic,,
 lecturer ,Generic,,
 lecturing ,Generic,,
leeds school of business,Generic,,
legal assistant,Generic,,
legal counsel,Generic,,
 librarian ,Generic,,
life coach,Generic,,
line feeder,Generic,,
ll.m. candidate,Generic,,
 m&a ,Generic,,
 m&e ,Generic,,
machine learning engineer,Generic,,
machine learning scientist,Generic,,
machine operator,Generic,,
 machinist ,Generic,,
maintenance manager,Generic,,
maintenance supervisor,Generic,,
management consultant,Generic,,
management trainee,Generic,,
 manager ,Generic,,
manager nuclear power sales products,Generic,,
manager of operational excellence,Generic,,
managing consultant,Generic,,
managing director,Generic,,
managing member,Generic,,
managing partner,Generic,,
managing principal,Generic,,
manufacturing engineer,Generic,,
marine engineer,Generic,,
market access,Generic,,
market development,Generic,,
marketing & communications,Generic,,
marketing and communications,Generic,,
marketing automation,Generic,,
marketing fellow,Generic,,
marketing manager,Generic,,
marketing specialist,Generic,,
marketing strategist,Generic,,
master of international affairs candidate,Generic,,
master of public administration,Generic,,
material handler,Generic,,
materials manager,Generic,,
materials research society,Generic,,
materials specialist,Generic,,
 mechanic ,Generic,,
mechanical design engineer,Generic,,
mechanical designer,Generic,,
mechanical engineer,Generic,,
mechanical engineering intern,Generic,,
mechanical operations & services centers,Generic,,
mechanical technician,Generic,,
medical director,Generic,,
medical doctor,Generic,,
medicinal chemist,Generic,,
 mentor ,Generic,,
midcap financial,Generic,,
 motorman ,Generic,,
mpa candidate,Generic,,
ms candidate,Generic,,
 musician ,Generic,,
national accounts,Generic,,
national director,Generic,,
national institute of technology,Generic,,
network engineer,Generic,,
networking architect,Generic,,
nonresident senior fellow,Generic,,
notary public,Generic,,
office management,Generic,,
office manager,Generic,,
official member,Generic,,
 oim ,Generic,,
operating partner,Generic,,
operations and middle office advisory services,Generic,,
operations coordinator,Generic,,
operations director,Generic,,
operations manager,Generic,,
operations supervisor,Generic,,
 operator ,Generic,,
 ops ,Generic,,
organizational change consultant,Generic,,
organizational development,Generic,,
origination & client coverage,Generic,,
outreach coordinator,Generic,,
 owner ,Generic,,
 paralegal ,Generic,,
 partner ,Generic,,
partner lawyer,Generic,,
patent agent,Generic,,
patent analyst,Generic,,
patent attorney,Generic,,
patent illustrator,Generic,,
 pca ,Generic,,
peer coach & teaching assistant,Generic,,
peer learning assistant,Generic,,
personal assistant,Generic,,
ph d,Generic,,
ph.d. candidate,Generic,,
ph.d. student,Generic,,
phd candidate,Generic,,
phd research scholar,Generic,,
phd researcher,Generic,,
phd scholar,Generic,,
phd student,Generic,,
phd student at ivey business school,Generic,,
 philanthropist ,Generic,,
 photographer ,Generic,,
 planner ,Generic,,
 pmo ,Generic,,
 pmp ,Generic,,
 podcaster ,Generic,,
policy analysis,Generic,,
policy analyst,Generic,,
portfolio director,Generic,,
portfolio manager,Generic,,
 ppc ,Generic,,
premier san francisco east bay hotel,Generic,,
 preqin ,Generic,,
 pres ,Generic,,
 president ,Generic,,
president & board member,Generic,,
president & ceo,Generic,,
president & coo,Generic,,
president 2012-2013,Generic,,
president and ceo,Generic,,
president of the board,Generic,,
president of the board of directors,Generic,,
 principal ,Generic,,
principal architect,Generic,,
principal consultant,Generic,,
principal engineer,Generic,,
principal scientist,Generic,,
private investor,Generic,,
private wealth advisor,Generic,,
process engineer,Generic,,
process engineering,Generic,,
process improvement,Generic,,
 procurement ,Generic,,
 producer ,Generic,,
product design,Generic,,
product designer,Generic,,
product development,Generic,,
product management,Generic,,
product management leader,Generic,,
product manager,Generic,,
product marketing,Generic,,
product strategy & commercial planning,Generic,,
production control sr. manager,Generic,,
production foreman,Generic,,
production manager,Generic,,
production operator,Generic,,
production supervisor,Generic,,
professor emeritus,Generic,,
professor of law,Generic,,
professor of practice,Generic,,
professor of theatre,Generic,,
program assistant,Generic,,
program coordinator,Generic,,
program director,Generic,,
program lead,Generic,,
program management,Generic,,
program manager,Generic,,
program manager oss,Generic,,
program officer,Generic,,
programme manager,Generic,,
 programmer ,Generic,,
project assistant,Generic,,
project coordinator,Generic,,
project developer,Generic,,
project director,Generic,,
project engineer,Generic,,
project fellow,Generic,,
project intern,Generic,,
project lead,Generic,,
project leader,Generic,,
project management,Generic,,
project manager,Generic,,
project manager and creative strategist,Generic,,
property manager,Generic,,
proprietary trader,Generic,,
 proprietor ,Generic,,
public relations,Generic,,
public relations support,Generic,,
public speaker,Generic,,
published author,Generic,,
 purchaser ,Generic,,
purchasing manager,Generic,,
qa specialist,Generic,,
quality assurance,Generic,,
r&d controller - sulzer intermedics,Generic,,
r&d engineer,Generic,,
r&d manager,Generic,,
radio operator,Generic,,
real estate development,Generic,,
 realtor ,Generic,,
 receptionist ,Generic,,
 recruiter ,Generic,,
 recruiting ,Generic,,
recruiting specialist,Generic,,
recruitment account manager,Generic,,
regional director,Generic,,
regional director of human resources,Generic,,
regional manager,Generic,,
regional marketing and communications manager,Generic,,
regional sales director,Generic,,
regional sales manager,Generic,,
regional vice president,Generic,,
 registrar ,Generic,,
regulatory consultant,Generic,,
relationship manager,Generic,,
reliability engineer,Generic,,
research analyst,Generic,,
research assistant,Generic,,
research associate,Generic,,
research coordinator,Generic,,
research council,Generic,,
research fellow,Generic,,
research intern,Generic,,
research manager,Generic,,
research officer,Generic,,
research scholar,Generic,,
research scientist,Generic,,
research specialist,Generic,,
 researcher ,Generic,,
resourcing partner - corporate and investment banking,Generic,,
responsable chez agro tech foods limited,Generic,,
restaurant owner,Generic,,
restructuring & special situations,Generic,,
restructuring & special situations group,Generic,,
results driven leader,Generic,,
retail analyst,Generic,,
 retired ,Generic,,
revenue analyst,Generic,,
risk management,Generic,,
risk manager,Generic,,
 roustabout ,Generic,,
 saas ,Generic,,
safety coordinator,Generic,,
sales consultant,Generic,,
sales development,Generic,,
sales director,Generic,,
sales engineer,Generic,,
sales executive,Generic,,
sales manager,Generic,,
sales officer,Generic,,
sales operations,Generic,,
sales rep,Generic,,
sales representative,Generic,,
 scientist ,Generic,,
scrum master,Generic,,
sculptor capital management,Generic,,
 sdpo ,Generic,,
 secretary ,Generic,,
secretary of the board,Generic,,
Secretary-Treasurer,Generic,,
security and strategy,Generic,,
security officer,Generic,,
 sem ,Generic,,
senior account executive,Generic,,
senior account manager,Generic,,
senior accountant,Generic,,
senior administrative assistant,Generic,,
senior adviser,Generic,,
senior advisor,Generic,,
senior analyst,Generic,,
senior associate,Generic,,
senior business supervisor,Generic,,
senior buyer,Generic,,
senior consultant,Generic,,
senior counsel,Generic,,
senior customer success manager,Generic,,
senior designer,Generic,,
senior director,Generic,,
senior director of development,Generic,,
senior director of sales,Generic,,
senior editor,Generic,,
senior engineer,Generic,,
senior executive assistant,Generic,,
senior fellow,Generic,,
senior financial analyst,Generic,,
senior internal auditor,Generic,,
senior lecturer,Generic,,
senior lecturing fellow,Generic,,
senior manager,Generic,,
senior mechanical engineer,Generic,,
senior policy advisor,Generic,,
senior portfolio manager,Generic,,
senior principal,Generic,,
senior process engineer,Generic,,
senior product manager,Generic,,
senior program manager,Generic,,
senior project director strategy,Generic,,
senior project manager,Generic,,
senior research analyst,Generic,,
senior research associate,Generic,,
senior research engineer,Generic,,
senior research fellow,Generic,,
senior researcher,Generic,,
senior sales officer,Generic,,
senior scientist,Generic,,
senior securities analyst,Generic,,
senior software designer,Generic,,
senior software engineer,Generic,,
senior talent acquisition specialist,Generic,,
senior vice president,Generic,,
senior writer,Generic,,
serial entrepreneur,Generic,,
servant leader,Generic,,
 sg2 ,Generic,,
shockwave medical,Generic,,
shopper marketing,Generic,,
silicon catalyst,Generic,,
site engineer,Generic,,
site reliability engineer,Generic,,
small business executive panelist,Generic,,
small business owner,Generic,,
social media management,Generic,,
social media marketing,Generic,,
social worker,Generic,,
software designer,IT,,
software developer,IT,,
software development,IT,,
software engineer,IT,,
software engineering,IT,,
software test engineer,IT,,
software tester,IT,,
solar consultant,Generic,,
solution architect,Generic,,
solutions architect,Generic,,
space operations,Generic,,
spanish teacher,Generic,,
 speaker ,Generic,,
special advisor,Generic,,
special assistant to the vice president,Generic,,
special projects,Generic,,
special projects coordinator,Generic,,
 specialkonsulent ,Generic,,
sr. director,Generic,,
sr. manager,Generic,,
sr. software engineer,Generic,,
sr. creative,Generic,,
sr. process engineer,Generic,,
sr. vice president,Generic,,
sr~ director of business intelligence,Generic,,
 sre ,Generic,,
 ssa ,Generic,,
staff accountant,Generic,,
staff engineer,Generic,,
startup investor,Generic,,
startup mentor,Generic,,
strategic accounts,Generic,,
strategic advisor,Generic,,
strategic advisory,Generic,,
strategic analytics,Generic,,
strategic marketing,Generic,,
strategic operations,Generic,,
strategic partnerships,Generic,,
strategic planning,Generic,,
strategic thinker,Generic,,
 strategist ,Generic,,
strategy & operations,Generic,,
structural engineer,Generic,,
 student ,Generic,,
substitute teacher,Generic,,
 supervisor ,Generic,,
support market development manager,Generic,,
sustainability professional,Generic,,
 svp ,Generic,,
svp analysis,Generic,,
svp analytics,Generic,,
svp ancillary,Generic,,
svp biology,Generic,,
svp business development,Generic,,
svp communications,Generic,,
svp compliance,Generic,,
svp construction,Generic,,
svp corporate development,Generic,,
svp corporate partnerships,Generic,,
svp customer development,Generic,,
svp customer service,Generic,,
svp data,Generic,,
svp delivery,Generic,,
svp design,Generic,,
svp digital marketing,Generic,,
svp director of finance,Generic,,
svp foundation,Generic,,
svp genetic,Generic,,
svp global,Generic,,
svp home health,Generic,,
svp human resources,Generic,,
svp informatics,Generic,,
svp information technology,Generic,,
svp integration,Generic,,
svp integrity,Generic,,
svp lab,Generic,,
svp legal affairs,Generic,,
svp marketing,Generic,,
svp medical,Generic,,
svp of analysis,Generic,,
svp of analytics,Generic,,
svp of ancillary,Generic,,
svp of biology,Generic,,
svp of business development,Generic,,
svp of clinical research,Generic,,
svp of communications,Generic,,
svp of compliance,Generic,,
svp of construction,Generic,,
svp of corporate development,Generic,,
svp of corporate partnerships,Generic,,
svp of customer development,Generic,,
svp of customer service,Generic,,
svp of data,Generic,,
svp of delivery,Generic,,
svp of design,Generic,,
svp of digital marketing,Generic,,
svp of director of finance,Generic,,
svp of foundation,Generic,,
svp of genetic,Generic,,
svp of global,Generic,,
svp of home health,Generic,,
svp of human resources,Generic,,
svp of informatics,Generic,,
svp of information technology,Generic,,
svp of integration,Generic,,
svp of integrity,Generic,,
svp of lab,Generic,,
svp of legal affairs,Generic,,
svp of marketing,Generic,,
svp of medical,Generic,,
svp of organizational development,Generic,,
svp of outcomes,Generic,,
svp of packaging,Generic,,
svp of patient,Generic,,
svp of product,Generic,,
svp of product management,Generic,,
svp of product marketing,Generic,,
svp of production,Generic,,
svp of project,Generic,,
svp of public relations,Generic,,
svp of purchasing,Generic,,
svp of research,Generic,,
svp of respiratory,Generic,,
svp of revenue cycle,Generic,,
svp of sales,Generic,,
svp of scientific,Generic,,
svp of scientific affairs,Generic,,
svp of securities,Generic,,
svp of security,Generic,,
svp of site,Generic,,
svp of software,Generic,,
svp of software engineering,Generic,,
svp of software support,Generic,,
svp of strategic partnerships,Generic,,
svp of strategic planning,Generic,,
svp of strategy,Generic,,
svp of talent management,Generic,,
svp of training,Generic,,
svp of transportation,Generic,,
svp of treasurer,Generic,,
svp organizational development,Generic,,
svp outcomes,Generic,,
svp packaging,Generic,,
svp patient,Generic,,
svp product,Generic,,
svp product management,Generic,,
svp product marketing,Generic,,
svp production,Generic,,
svp project,Generic,,
svp public relations,Generic,,
svp purchasing,Generic,,
svp research,Generic,,
svp respiratory,Generic,,
svp revenue cycle,Generic,,
svp sales,Generic,,
svp scientific,Generic,,
svp scientific affairs,Generic,,
svp securities,Generic,,
svp security,Generic,,
svp site,Generic,,
svp software,Generic,,
svp software engineering,Generic,,
svp software support,Generic,,
svp strategic partnerships,Generic,,
svp strategic planning,Generic,,
svp strategy,Generic,,
svp talent management,Generic,,
svp training,Generic,,
svp transportation,Generic,,
svp treasurer,Generic,,
system administrator,Generic,,
system engineer,Generic,,
system integration,Generic,,
systems analyst,Generic,,
systems engineer,Generic,,
systems engineering,Generic,,
talent acquisition,Generic,,
talent acquisition specialist,Generic,,
 taranis ,Generic,,
 teacher ,Generic,,
teaching assistant,Generic,,
team lead,Generic,,
team leader,Generic,,
tech enthusiast,Generic,,
tech entrepreneur,Generic,,
tech exec,Generic,,
tech lead,Generic,,
 techie ,Generic,,
technical customer relation advisor,Generic,,
technical director,Generic,,
technical manager,Generic,,
technical operations,Generic,,
technical project manager,Generic,,
technical support,Generic,,
technical writer,Generic,,
 technologist ,Generic,,
technology consultant,Generic,,
technology executive,Generic,,
territory manager,Generic,,
test engineer,Generic,,
 tester ,Generic,,
 toolpusher ,Generic,,
trademark analyst,Generic,,
 trainee ,Generic,,
 trainer ,Generic,,
training and placement representative,Generic,,
 translator ,Generic,,
transportation manager,Generic,,
 treasury ,Generic,,
 Treasurer ,Generic,,
 trustee ,Generic,,
 tutor ,Generic,,
u.s. chamber of commerce foundation,Generic,,
ui designer,Generic,,
 uncdf ,Generic,,
undergraduate researcher,Generic,,
university lecturer,Generic,,
ux designer,Generic,,
v.p.,Generic,,
 vp ,Generic,,
vp & gm,Generic,,
vantage drilling,Generic,,
 vc ,Generic,,
venture capital,Generic,,
venture capital investor,Generic,,
venture capitalist,Generic,,
venture investor,Generic,,
venture partner,Generic,,
 veteran ,Generic,,
vice chair,Generic,,
Vice-Chair,Generic,,
vice president,Generic,,
vice-president,Generic,,
vice president & executive director,Generic,,
vice president of business development,Generic,,
vice president of engineering,Generic,,
vice president of finance,Generic,,
vice president of sales,Generic,,
vice president of sales operations,Generic,,
vice president of technology,Generic,,
vice president sales,Generic,,
vice president sales operations,Generic,,
vice president of operations,Generic,,
 videographer ,Generic,,
villemor amaral advogados,Generic,,
vios advisors,Generic,,
visiting assistant professor,Generic,,
visiting fellow,Generic,,
visiting lecturer,Generic,,
visiting professor,Generic,,
visiting scholar,Generic,,
visual artist,Generic,,
visual designer,Generic,,
volta charging,Generic,,
 volunteer ,Generic,,
vp analysis,Generic,,
vp analytics,Generic,,
vp ancillary,Generic,,
vp biology,Generic,,
vp business development,Generic,,
vp communications,Generic,,
vp compliance,Generic,,
vp construction,Generic,,
vp consulting americas,Generic,,
vp corporate development,Generic,,
vp corporate partnerships,Generic,,
vp customer development,Generic,,
vp customer service,Generic,,
vp data,Generic,,
vp delivery,Generic,,
vp design,Generic,,
vp digital marketing,Generic,,
vp director of finance,Generic,,
vp engineering,Generic,,
vp exploration,Generic,,
vp foundation,Generic,,
vp genetic,Generic,,
vp global,Generic,,
vp home health,Generic,,
vp human resources,Generic,,
vp informatics,Generic,,
vp information technology,Generic,,
vp integration,Generic,,
vp integrity,Generic,,
vp lab,Generic,,
vp legal affairs,Generic,,
vp marketing,Generic,,
vp medical,Generic,,
vp of analysis,Generic,,
vp of analytics,Generic,,
vp of ancillary,Generic,,
vp of biology,Generic,,
vp of business development,Generic,,
vp of communications,Generic,,
vp of compliance,Generic,,
vp of construction,Generic,,
vp of consulting,Generic,,
vp of corporate development,Generic,,
vp of corporate partnerships,Generic,,
vp of customer development,Generic,,
vp of customer service,Generic,,
vp of data,Generic,,
vp of delivery,Generic,,
vp of design,Generic,,
vp of digital marketing,Generic,,
vp of director of finance,Generic,,
vp of foundation,Generic,,
vp of genetic,Generic,,
vp of global,Generic,,
vp of home health,Generic,,
vp of human resources,Generic,,
vp of informatics,Generic,,
vp of information technology,Generic,,
vp of integration,Generic,,
vp of integrity,Generic,,
vp of lab,Generic,,
vp of legal affairs,Generic,,
vp of marketing,Generic,,
vp of medical,Generic,,
vp of organizational development,Generic,,
vp of outcomes,Generic,,
vp of packaging,Generic,,
vp of patient,Generic,,
vp of people,Generic,,
vp of product,Generic,,
vp of product management,Generic,,
vp of product marketing,Generic,,
vp of production,Generic,,
vp of project,Generic,,
vp of public relations,Generic,,
vp of purchasing,Generic,,
vp of r&d,Generic,,
vp of research,Generic,,
vp of respiratory,Generic,,
vp of revenue cycle,Generic,,
vp of sales,Generic,,
vp of scientific,Generic,,
vp of scientific affairs,Generic,,
vp of securities,Generic,,
vp of security,Generic,,
vp of site,Generic,,
vp of software,Generic,,
vp of engineering,Generic,,
vp of software engineering,Generic,,
vp of software support,Generic,,
vp of strategic partnerships,Generic,,
vp of strategic planning,Generic,,
vp of strategy,Generic,,
vp of talent management,Generic,,
vp of training,Generic,,
vp of transportation,Generic,,
vp of treasurer,Generic,,
vp of worldwide services,Generic,,
vp organizational development,Generic,,
vp outcomes,Generic,,
vp packaging,Generic,,
vp patient,Generic,,
vp product,Generic,,
vp product management,Generic,,
vp product marketing,Generic,,
vp production,Generic,,
vp project,Generic,,
vp public relations,Generic,,
vp purchasing,Generic,,
vp research,Generic,,
vp respiratory,Generic,,
vp revenue cycle,Generic,,
vp sales,Generic,,
vp scientific,Generic,,
vp scientific affairs,Generic,,
vp securities,Generic,,
vp security,Generic,,
vp site,Generic,,
vp software,Generic,,
vp software engineering,Generic,,
vp software support,Generic,,
vp strategic partnerships,Generic,,
vp strategic planning,Generic,,
vp strategy,Generic,,
vp talent management,Generic,,
vp training,Generic,,
vp transportation,Generic,,
vp treasurer,Generic,,
vp us sales,Generic,,
"vp, human resources",Generic,,
"vp, revenue cycle management",Generic,,
"vp, operations",Generic,,
" vp, ",Generic,,
"vp, payer contracting",Generic,,
vp of platform partnerships,Generic,,
warehouse supervisor,Generic,,
wealth management analyst,Generic,,
wealth management associate,Generic,,
wealth management center intern,Generic,,
wealth management client service intern,Generic,,
wealth management consultant,Generic,,
wealth management intern,Generic,,
wealth management summer analyst,Generic,,
wealth management summer intern,Generic,,
wealth manager,Generic,,
wealth planner,Generic,,
wealth planning associate,Generic,,
wealth sales & service analyst,Generic,,
web developer,Generic,,
front desk associate,Generic,,
billing coordinator,Generic,,
call center lead,Generic,,
revenue cycle analyst,Generic,,
rehab aide,Generic,,
billing manager,Generic,,
front desk supervisor,Generic,,
billing clerk,Generic,,
business manager,Generic,,
financial coordinator,Generic,,
M.Med,Medical,,
M.S.Ed,Medical,,
 m.ed,Medical,,
billing specialist,Generic,,
 hygienist ,Medical,,
financial controller,Finance,,
venture partner,Finance,,
co-chief investment officer,Finance,,
chief operations officer,Generic,,
chief risk officer,Generic,,
treasurer,Generic,,
chief legal officer,Generic,,
head of operational due diligence,Generic,,
investment officer,Finance,,
senior partner,Generic,,
accounting specialist,Generic,,
billing specialist,Generic,,
Exec Assistant & Office Manager, Generic
Executive Assistant & Office Manager, Generic
AAMS, Finance,,
AAMS®, Finance,,
CFA, Finance,,
CFA®, Finance,,
CFP, Finance,,
CFP®, Finance,,
head of mergers,Finance,,
sr vp,Generic,,
attorney at law,Generic,,
product specialist,Generic,,
private markets professional,Finance,,
operating principal,Generic,,
fund accounting manager,Finance,,
tax manager,Generic,,
senior compliance officer,Generic,,
accounting senior manager,Generic,,
senior tax accountant,Generic,,
industry partner,Generic,,
science liaison,Generic,,
investment principal,Finance,,
investment committee member,Finance,,
investment solutions head,Finance,,
executive committee member,Generic,,
executive partner,Generic,,
co-head of direct lending,Finance,,
head of direct lending,Finance,,
 accounting ,Generic,Department,
head of quoted,Finance,,
vice chairman,Generic,,
non-executive director,Generic,,
entrepreneur-in-residence,Generic,,
hr representative,Generic,,
head of technical,Generic,,
head of portfolio realisation,Finance,,
office administrator,Generic,,
firm advisor,Finance,,
deputy ceo,Generic,,
blended finance officer,Finance,,
administrative partner,Generic,,
reception assistant,Generic,,
managing general partner,Generic,,
development associate,Generic,,
director of acquisitions,Finance,,
 caia ,Finance,,
non-executive partner,Generic,,
general managing partner,Generic,,
team assistant,Generic,,
 cpm ,Finance,,
 ccim ,Finance,,
 ca ,Generic,Education,
development associate,Generic,,
managing director,Generic,,
financial accountant,Generic,,
admin operations,Generic,,
professional assistant,Generic,,
investor liaison,Finance,,
operating executive,Generic,,
chief dental officer,Medical,,
 mba ,Generic,Education,
operations consultant,Generic,,
accounting analyst,Generic,,
chief product & marketing officer,Generic,,
head of algorithms,Generic,IT,
head of safety,Generic,,
head of academic task force,Generic,,
advisory board,Generic,,
vp r&d,Generic,,
vp sales,Generic,,
co founder,Generic,,
 cso ,Generic,,
general manager,Generic,,
marketing officer,Generic,,
autosar,Generic,IT,
 co-founder ,Generic,,
chief medical officer,Generic,Doc,
solutions management,Department,,
scientific advisor,Generic,,
 paraplanner,Generic,Doc,
trading & operations,Generic,,
professor of pathology & pediatrics,Generic,Education,
professor of pediatrics,Generic,Education,
 ceo. ,Generic,,
 coo. ,Generic,,
 cto.,Generic,,
global head of private wealth solutions,Finance,,
executive vice chairman,Generic,,
global head of private wealth solutions,Finance,,
president and chief executive officer of the robertson foundation,Finance,,
chair of the rhodes trust,Finance,,
global head of blackstone growth equity,Finance,,
"dean emeritus, harvard business school",Generic,,
retired ceo,Generic,,
former united states senator,Generic,,
united states senator,Generic,,
prime minister,Generic,,
former prime minister,Generic,,
global head of public affairs and marketing,Finance,,
global head of private equity,Finance,,
global head of government affairs,Finance,,
global head of tactical opportunities,Finance,,
global head of tactical opportunities.,Finance,,
global co-head of real estate,Finance,,
global head of real estate,Finance,,
global head of private wealth solutions.,Finance,,
executive vice chairman,Generic,,
global head of private wealth solutions,Finance,,
president and chief executive officer of the robertson foundation,Finance,,
chair of the rhodes trust,Finance,,
global head of blackstone growth equity.,Finance,,
"dean emeritus, harvard business school",Generic,,
retired ceo,Generic,,
former united states senator,Generic,,
united states senator,Generic,,
prime minister,Generic,,
former prime minister,Generic,,
global head of strategic partners.,Finance,,
 aia ,Architect,,
 ncarb ,Architect,,
architectural studio manager,Architect,,
 csi ,Architect,,
 pls ,Architect,,
leed ap,Architect,,
 pe ,Architect,,
 cpswq ,Architect,,
leed ap bd+c,Architect,,
 cid ,Architect,,
 faia ,Architect,,
leed ga,Architect,,
 rid ,Architect,,
 ra ,Architect,,
 iida ,Architect,,
principal corporate technology leader,Generic,,
 aicp ,Architect,,
 ncdiq ,Architect,,
 ishc ,Architect,,
 cdt ,Architect,,
 aicp ,Architect,,
 qei ,Architect,,
operations associate,Generic,,
client relationship executive,Generic,,
client relationship exec,Generic,,
chief financial advisor,Generic,,
lead independent,Generic,,
non-executive chairman,Generic,,
non-executive director,Generic,,
operations assistant,Generic,,
director of investor relations and marketing,Generic,,
director of investor relations,Generic,,
client services specialist,Generic,,
 cmt ,Finance,,
technical market analyst,Finance,,
equity trader,Finance,,
 administrateur ,Generic,,German
 directeur ,Generic,,German
directeur-adjoint,Generic,,German
senior managing director,Generic,,
 co-ceo ,Generic,,
 dms ,Finance,,
 cfp ,Finance,Certification,
 fcsi ,Finance,Certification,
 clu ,Finance,Certification,
 fcs ,Finance,Certification,
 cga ,Finance,Certification,
chief compliance & chief risk officer,Generic,,
portfolio administrator,Generic,,
md of operations,Generic,,
 jd ,Law,Education,
wealth advisor,Finance,,
wealth strategist,Finance,,
senior wealth strategist,Finance,,
corporate retirement advisor,Finance,,
chief investment strategist,Finance,,
 aifa ,Finance,,
escrow manager,Finance,,
broker assoc,Finance,,
 aif ,Finance,,
 rfc ,Finance,,
 mcsi ,Finance,,
 steuerfachangestellte ,Finance,,German
 betriebswirt ,Finance,,German
 honorarberater ,Finance,,German
 beauftragte ,Generic,,German
 datenschutzbeauftragte ,Generic,,German
 kriminalpräventionsbeauftragte ,Generic,,German
 gründer ,Generic,,German
 geschäftsführer ,Generic,,German
 finanzberater ,Generic,,German
 cco ,Generic,,
head trader,Finance,,
wealth management advisor,Finance,,
 frm ,Finance,Certification,
chartered mcsi,Finance,,
chartered mcsi,Finance,,
chartered wealth manager,Finance,,
 phd ,Generic,Education,
director of sales and marketing,Generic,,
outpatient supervisor,Medical,,
practice manager,Medical,,
director of patient services,Medical,,
analista de inversiones,Finance,,Spanish
 ctfa ,Finance,Certification,
 shareholder ,Generic,,
managing shareholder,Finance,,
tax senior,Finance,,
tax senior manager,Finance,,
advisory services manager,Finance,,
 cic ,Finance,,
 bse ,Generic,Education,
director of client relations,Generic,,
performance analyst,Generic,,
client service associate,Generic,,
Delegate of Board of Directors,Generic,,
Member of the Board,Generic,,
Member of the Management Board,Generic,,
Senior Client Advisor,Generic,,
Senior Asset Manager,Generic,,
Senior Portfolio Manager,Generic,,
Client and Fund Administration,Generic,,
Fund Administration,Generic,,
Administration,Generic,,